site_id,source_network,name,latitude,longitude,elevation_m,state,country,start_date,end_date,metadata
akr02,coagmet,Akron,40.1548,-103.142,1383,CO,USA,1992-07-01,,"{""coagmet_raw"": {""active"": ""active"", ""anemometerHeight"": 2.2, ""elevation"": 1383, ""firstObs"": ""1992-07-01"", ""irrigation"": ""dry"", ""lastObs"": ""2026-05-09"", ""lat"": 40.1548, ""location"": ""USDA-ARS-GPRC"", ""lon"": -103.142, ""name"": ""Akron"", ""network"": ""Coag"", ""station"": ""akr02"", ""timestep"": 3600, ""units"": ""m""}, ""coagmet_station_id"": ""akr02""}"
alt01,coagmet,Ault,40.569,-104.7195,1497,CO,USA,1992-03-17,,"{""coagmet_raw"": {""active"": ""active"", ""anemometerHeight"": 2.0, ""elevation"": 1497, ""firstObs"": ""1992-03-17"", ""irrigation"": ""part"", ""lastObs"": ""2026-05-09"", ""lat"": 40.569, ""location"": ""1 mi SE Ault"", ""lon"": -104.7195, ""name"": ""Ault"", ""network"": ""Coag"", ""station"": ""alt01"", ""timestep"": 300, ""units"": ""m""}, ""coagmet_station_id"": ""alt01""}"
avn01,coagmet,Avondale,38.2056,-104.329,1411,CO,USA,1992-06-04,,"{""coagmet_raw"": {""active"": ""active"", ""anemometerHeight"": 2.0, ""elevation"": 1411, ""firstObs"": ""1992-06-04"", ""irrigation"": ""full"", ""lastObs"": ""2026-05-09"", ""lat"": 38.2056, ""location"": ""1 mi SE Avondale"", ""lon"": -104.329, ""name"": ""Avondale"", ""network"": ""Coag"", ""station"": ""avn01"", ""timestep"": 300, ""units"": ""m""}, ""coagmet_station_id"": ""avn01""}"
bla01,coagmet,Blanca,37.3906,-105.5575,2359,CO,USA,1997-02-24,,"{""coagmet_raw"": {""active"": ""active"", ""anemometerHeight"": 2.0, ""elevation"": 2359, ""firstObs"": ""1997-02-24"", ""irrigation"": ""dry"", ""lastObs"": ""2026-05-09"", ""lat"": 37.3906, ""location"": ""8 mi SW Blanca"", ""lon"": -105.5575, ""name"": ""Blanca"", ""network"": ""Coag"", ""station"": ""bla01"", ""timestep"": 300, ""units"": ""m""}, ""coagmet_station_id"": ""bla01""}"
bnv01,coagmet,Buena Vista,38.8315,-106.129,2408,CO,USA,2010-10-12,,"{""coagmet_raw"": {""active"": ""active"", ""anemometerHeight"": 2.0, ""elevation"": 2408, ""firstObs"": ""2010-10-12"", ""irrigation"": ""part"", ""lastObs"": ""2026-05-09"", ""lat"": 38.8315, ""location"": ""CDW Area SW of Buena Vista"", ""lon"": -106.129, ""name"": ""Buena Vista"", ""network"": ""Coag"", ""station"": ""bnv01"", ""timestep"": 300, ""units"": ""m""}, ""coagmet_station_id"": ""bnv01""}"
brg01,coagmet,Briggsdale,40.5947,-104.319,1481,CO,USA,2002-01-01,,"{""coagmet_raw"": {""active"": ""active"", ""anemometerHeight"": 2.0, ""elevation"": 1481, ""firstObs"": ""2002-01-01"", ""irrigation"": ""dry"", ""lastObs"": ""2026-05-09"", ""lat"": 40.5947, ""location"": ""3 mi S Briggsdale"", ""lon"": -104.319, ""name"": ""Briggsdale"", ""network"": ""Coag"", ""station"": ""brg01"", ""timestep"": 300, ""units"": ""m""}, ""coagmet_station_id"": ""brg01""}"
brk01,coagmet,Bedrock,38.3279,-108.8546,1516,CO,USA,2013-11-07,2024-12-17,"{""coagmet_raw"": {""active"": ""inactive"", ""anemometerHeight"": 2.0, ""elevation"": 1516, ""firstObs"": ""2013-11-07"", ""irrigation"": ""dry"", ""lastObs"": ""2024-12-17"", ""lat"": 38.3279, ""location"": ""1 mile NE of Bedrock"", ""lon"": -108.8546, ""name"": ""Bedrock"", ""network"": ""Coag"", ""station"": ""brk01"", ""timestep"": 3600, ""units"": ""m""}, ""coagmet_station_id"": ""brk01""}"
brl01,coagmet,Burlington North (1),39.4998,-102.074,1189,CO,USA,1992-05-06,2012-01-11,"{""coagmet_raw"": {""active"": ""inactive"", ""anemometerHeight"": 2.0, ""elevation"": 1189, ""firstObs"": ""1992-05-06"", ""irrigation"": ""part"", ""lastObs"": ""2012-01-11"", ""lat"": 39.4998, ""location"": ""18 mi NNE Burlington"", ""lon"": -102.074, ""name"": ""Burlington North (1)"", ""network"": ""Coag"", ""station"": ""brl01"", ""timestep"": 3600, ""units"": ""m""}, ""coagmet_station_id"": ""brl01""}"
brl02,coagmet,Burlington South (2),39.2651,-102.109,1271,CO,USA,1992-01-01,,"{""coagmet_raw"": {""active"": ""active"", ""anemometerHeight"": 2.0, ""elevation"": 1271, ""firstObs"": ""1992-01-01"", ""irrigation"": ""dry"", ""lastObs"": ""2026-05-09"", ""lat"": 39.2651, ""location"": ""6 mi SE Burlington"", ""lon"": -102.109, ""name"": ""Burlington South (2)"", ""network"": ""Coag"", ""station"": ""brl02"", ""timestep"": 300, ""units"": ""m""}, ""coagmet_station_id"": ""brl02""}"
brl03,coagmet,Burlington 3,39.3374,-102.196,1240,CO,USA,2007-11-30,,"{""coagmet_raw"": {""active"": ""active"", ""anemometerHeight"": 2.0, ""elevation"": 1240, ""firstObs"": ""2007-11-30"", ""irrigation"": ""full"", ""lastObs"": ""2026-05-09"", ""lat"": 39.3374, ""location"": ""4 mi NE of Burlington"", ""lon"": -102.196, ""name"": ""Burlington 3"", ""network"": ""Coag"", ""station"": ""brl03"", ""timestep"": 300, ""units"": ""m""}, ""coagmet_station_id"": ""brl03""}"
cbl01,coagmet,Carbondale,39.3623,-107.2078,1918,CO,USA,2015-05-08,,"{""coagmet_raw"": {""active"": ""active"", ""anemometerHeight"": 2.0, ""elevation"": 1918, ""firstObs"": ""2015-05-08"", ""irrigation"": ""full"", ""lastObs"": ""2026-05-09"", ""lat"": 39.3623, ""location"": ""Carbondale"", ""lon"": -107.2078, ""name"": ""Carbondale"", ""network"": ""Coag"", ""station"": ""cbl01"", ""timestep"": 300, ""units"": ""m""}, ""coagmet_station_id"": ""cbl01""}"
cbn01,coagmet,Collbran,39.1993,-107.9899,1998,CO,USA,2018-03-30,,"{""coagmet_raw"": {""active"": ""active"", ""anemometerHeight"": 3.0, ""elevation"": 1998, ""firstObs"": ""2018-03-30"", ""irrigation"": ""full"", ""lastObs"": ""2026-05-09"", ""lat"": 39.1993, ""location"": ""3 mi SW of Collbran"", ""lon"": -107.9899, ""name"": ""Collbran"", ""network"": ""Coag"", ""station"": ""cbn01"", ""timestep"": 300, ""units"": ""m""}, ""coagmet_station_id"": ""cbn01""}"
ccr01,coagmet,Cherry Creek Reservoir,39.6059,-104.834,1717,CO,USA,2019-07-25,,"{""coagmet_raw"": {""active"": ""active"", ""anemometerHeight"": 2.0, ""elevation"": 1717, ""firstObs"": ""2019-07-25"", ""irrigation"": ""dry"", ""lastObs"": ""2026-05-09"", ""lat"": 39.6059, ""location"": ""2 miles south of Cherry Creek Res "", ""lon"": -104.834, ""name"": ""Cherry Creek Reservoir"", ""network"": ""Coag"", ""station"": ""ccr01"", ""timestep"": 300, ""units"": ""m""}, ""coagmet_station_id"": ""ccr01""}"
cdg01,coagmet,Cedaredge,38.9142,-107.932,1952,CO,USA,2006-02-18,2015-05-07,"{""coagmet_raw"": {""active"": ""inactive"", ""anemometerHeight"": 2.0, ""elevation"": 1952, ""firstObs"": ""2006-02-18"", ""irrigation"": ""full"", ""lastObs"": ""2015-05-07"", ""lat"": 38.9142, ""location"": ""Cedaredge"", ""lon"": -107.932, ""name"": ""Cedaredge"", ""network"": ""Coag"", ""station"": ""cdg01"", ""timestep"": 3600, ""units"": ""m""}, ""coagmet_station_id"": ""cdg01""}"
cht01,coagmet,Chatfield at South Platte Reservoir,39.5741,-105.054,1650,CO,USA,2019-12-04,,"{""coagmet_raw"": {""active"": ""active"", ""anemometerHeight"": 3.0, ""elevation"": 1650, ""firstObs"": ""2019-12-04"", ""irrigation"": ""dry"", ""lastObs"": ""2026-05-09"", ""lat"": 39.5741, ""location"": ""1.2 mi north of Chatfield Res"", ""lon"": -105.054, ""name"": ""Chatfield at South Platte Reservoir"", ""network"": ""Coag"", ""station"": ""cht01"", ""timestep"": 300, ""units"": ""m""}, ""coagmet_station_id"": ""cht01""}"
ckp01,coagmet,Cherokee Park,40.8263,-105.267,1815,CO,USA,2014-07-25,,"{""coagmet_raw"": {""active"": ""active"", ""anemometerHeight"": 2.0, ""elevation"": 1815, ""firstObs"": ""2014-07-25"", ""irrigation"": ""dry"", ""lastObs"": ""2026-05-09"", ""lat"": 40.8263, ""location"": ""1 mile west of US 287 on Road 80C"", ""lon"": -105.267, ""name"": ""Cherokee Park"", ""network"": ""Coag"", ""station"": ""ckp01"", ""timestep"": 300, ""units"": ""m""}, ""coagmet_station_id"": ""ckp01""}"
clk01,coagmet,Clark,40.7043,-106.934,2201,CO,USA,2018-04-25,,"{""coagmet_raw"": {""active"": ""active"", ""anemometerHeight"": 3.0, ""elevation"": 2201, ""firstObs"": ""2018-04-25"", ""irrigation"": ""full"", ""lastObs"": ""2026-05-09"", ""lat"": 40.7043, ""location"": ""1 mile WSW of Clark"", ""lon"": -106.934, ""name"": ""Clark"", ""network"": ""Coag"", ""station"": ""clk01"", ""timestep"": 300, ""units"": ""m""}, ""coagmet_station_id"": ""clk01""}"
cnn01,coagmet,Canon City,38.4319,-105.178,1625,CO,USA,2010-11-30,,"{""coagmet_raw"": {""active"": ""active"", ""anemometerHeight"": 2.0, ""elevation"": 1625, ""firstObs"": ""2010-11-30"", ""irrigation"": ""full"", ""lastObs"": ""2026-05-09"", ""lat"": 38.4319, ""location"": ""East of Canon City"", ""lon"": -105.178, ""name"": ""Canon City"", ""network"": ""Coag"", ""station"": ""cnn01"", ""timestep"": 300, ""units"": ""m""}, ""coagmet_station_id"": ""cnn01""}"
cow01,coagmet,Cowdrey,40.8659,-106.336,2406,CO,USA,2009-06-10,,"{""coagmet_raw"": {""active"": ""active"", ""anemometerHeight"": 2.0, ""elevation"": 2406, ""firstObs"": ""2009-06-10"", ""irrigation"": ""full"", ""lastObs"": ""2026-05-09"", ""lat"": 40.8659, ""location"": ""9 miles north of Walden"", ""lon"": -106.336, ""name"": ""Cowdrey"", ""network"": ""Coag"", ""station"": ""cow01"", ""timestep"": 300, ""units"": ""m""}, ""coagmet_station_id"": ""cow01""}"
ctr01,coagmet,Center,37.7067,-106.1444,2346,CO,USA,1993-10-08,,"{""coagmet_raw"": {""active"": ""active"", ""anemometerHeight"": 2.0, ""elevation"": 2346, ""firstObs"": ""1993-10-08"", ""irrigation"": ""part"", ""lastObs"": ""2026-05-09"", ""lat"": 37.7067, ""location"": ""CSU San Luis Valley Expt Sta"", ""lon"": -106.1444, ""name"": ""Center"", ""network"": ""Coag"", ""station"": ""ctr01"", ""timestep"": 300, ""units"": ""m""}, ""coagmet_station_id"": ""ctr01""}"
ctr02,coagmet,Center 2,37.8289,-106.0378,2319,CO,USA,2003-01-01,,"{""coagmet_raw"": {""active"": ""active"", ""anemometerHeight"": 2.0, ""elevation"": 2319, ""firstObs"": ""2003-01-01"", ""irrigation"": ""part"", ""lastObs"": ""2026-05-09"", ""lat"": 37.8289, ""location"": ""Coors Research Farm"", ""lon"": -106.0378, ""name"": ""Center 2"", ""network"": ""Coag"", ""station"": ""ctr02"", ""timestep"": 300, ""units"": ""m""}, ""coagmet_station_id"": ""ctr02""}"
ctz01,coagmet,Cortez,37.2246,-108.6725,1833,CO,USA,1992-01-01,,"{""coagmet_raw"": {""active"": ""active"", ""anemometerHeight"": 2.0, ""elevation"": 1833, ""firstObs"": ""1992-01-01"", ""irrigation"": ""full"", ""lastObs"": ""2026-05-07"", ""lat"": 37.2246, ""location"": ""9 mi SW Cortez"", ""lon"": -108.6725, ""name"": ""Cortez"", ""network"": ""Coag"", ""station"": ""ctz01"", ""timestep"": 300, ""units"": ""m""}, ""coagmet_station_id"": ""ctz01""}"
cya01,coagmet,Canyon of the Ancients,37.5009,-108.8155,2036,CO,USA,2022-02-04,,"{""coagmet_raw"": {""active"": ""active"", ""anemometerHeight"": 0.0, ""elevation"": 2036, ""firstObs"": ""2022-02-04"", ""irrigation"": ""full"", ""lastObs"": ""2026-05-09"", ""lat"": 37.5009, ""location"": ""Canyon of the Ancients"", ""lon"": -108.8155, ""name"": ""Canyon of the Ancients"", ""network"": ""Coag"", ""station"": ""cya01"", ""timestep"": 300, ""units"": ""m""}, ""coagmet_station_id"": ""cya01""}"
den01,coagmet,Denver,39.7836,-104.9742,1609,CO,USA,2023-10-25,,"{""coagmet_raw"": {""active"": ""active"", ""anemometerHeight"": 2.0, ""elevation"": 1609, ""firstObs"": ""2023-10-25"", ""irrigation"": ""dry"", ""lastObs"": ""2026-05-09"", ""lat"": 39.7836, ""location"": ""CSU Spur campus, Hydro building rooftop"", ""lon"": -104.9742, ""name"": ""Denver"", ""network"": ""Coag"", ""station"": ""den01"", ""timestep"": 300, ""units"": ""m""}, ""coagmet_station_id"": ""den01""}"
dlr01,coagmet,Dolores,37.4121,-108.5199,2002,CO,USA,2023-05-18,,"{""coagmet_raw"": {""active"": ""active"", ""anemometerHeight"": 2.0, ""elevation"": 2002, ""firstObs"": ""2023-05-18"", ""irrigation"": ""full"", ""lastObs"": ""2026-05-09"", ""lat"": 37.4121, ""location"": ""Dolores"", ""lon"": -108.5199, ""name"": ""Dolores"", ""network"": ""Coag"", ""station"": ""dlr01"", ""timestep"": 300, ""units"": ""m""}, ""coagmet_station_id"": ""dlr01""}"
dlt01,coagmet,Delta,38.7345,-108.1186,1527,CO,USA,1995-04-19,2021-04-21,"{""coagmet_raw"": {""active"": ""inactive"", ""anemometerHeight"": 2.0, ""elevation"": 1527, ""firstObs"": ""1995-04-19"", ""irrigation"": ""part"", ""lastObs"": ""2021-04-21"", ""lat"": 38.7345, ""location"": ""3 mi W Delta"", ""lon"": -108.1186, ""name"": ""Delta"", ""network"": ""Coag"", ""station"": ""dlt01"", ""timestep"": 300, ""units"": ""m""}, ""coagmet_station_id"": ""dlt01""}"
drg01,coagmet,Durango,37.1125,-107.8805,1891,CO,USA,2018-05-30,,"{""coagmet_raw"": {""active"": ""active"", ""anemometerHeight"": 3.0, ""elevation"": 1891, ""firstObs"": ""2018-05-30"", ""irrigation"": ""full"", ""lastObs"": ""2026-05-09"", ""lat"": 37.1125, ""location"": ""11 mi S of Durango"", ""lon"": -107.8805, ""name"": ""Durango"", ""network"": ""Coag"", ""station"": ""drg01"", ""timestep"": 300, ""units"": ""m""}, ""coagmet_station_id"": ""drg01""}"
dvc01,coagmet,Dove Creek,37.7271,-108.9563,2010,CO,USA,1992-10-28,,"{""coagmet_raw"": {""active"": ""active"", ""anemometerHeight"": 2.0, ""elevation"": 2010, ""firstObs"": ""1992-10-28"", ""irrigation"": ""dry"", ""lastObs"": ""2026-05-09"", ""lat"": 37.7271, ""location"": ""4 mi NW Dove Creek"", ""lon"": -108.9563, ""name"": ""Dove Creek"", ""network"": ""Coag"", ""station"": ""dvc01"", ""timestep"": 300, ""units"": ""m""}, ""coagmet_station_id"": ""dvc01""}"
eac01,coagmet,Eastern Adams County,39.7692,-103.7972,1496,CO,USA,2000-07-17,,"{""coagmet_raw"": {""active"": ""active"", ""anemometerHeight"": 2.0, ""elevation"": 1496, ""firstObs"": ""2000-07-17"", ""irrigation"": ""dry"", ""lastObs"": ""2026-05-09"", ""lat"": 39.7692, ""location"": ""10 mi W Last Chance"", ""lon"": -103.7972, ""name"": ""Eastern Adams County"", ""network"": ""Coag"", ""station"": ""eac01"", ""timestep"": 300, ""units"": ""m""}, ""coagmet_station_id"": ""eac01""}"
egl01,coagmet,Eagle,39.6308,-106.782,2101,CO,USA,2019-11-19,,"{""coagmet_raw"": {""active"": ""active"", ""anemometerHeight"": 3.0, ""elevation"": 2101, ""firstObs"": ""2019-11-19"", ""irrigation"": ""full"", ""lastObs"": ""2026-05-09"", ""lat"": 39.6308, ""location"": ""2 mi SE of Eagle"", ""lon"": -106.782, ""name"": ""Eagle"", ""network"": ""Coag"", ""station"": ""egl01"", ""timestep"": 300, ""units"": ""m""}, ""coagmet_station_id"": ""egl01""}"
ekt01,coagmet,Eckert,38.8397,-107.9734,1683,CO,USA,2015-05-07,,"{""coagmet_raw"": {""active"": ""active"", ""anemometerHeight"": 2.0, ""elevation"": 1683, ""firstObs"": ""2015-05-07"", ""irrigation"": ""full"", ""lastObs"": ""2026-05-09"", ""lat"": 38.8397, ""location"": ""0.5 miles west of Eckert, CO"", ""lon"": -107.9734, ""name"": ""Eckert"", ""network"": ""Coag"", ""station"": ""ekt01"", ""timestep"": 300, ""units"": ""m""}, ""coagmet_station_id"": ""ekt01""}"
fcc01,coagmet,Christman Field,40.5917,-105.1418,1569,CO,USA,2005-12-19,,"{""coagmet_raw"": {""active"": ""active"", ""anemometerHeight"": 10.0, ""elevation"": 1569, ""firstObs"": ""2005-12-19"", ""irrigation"": ""dry"", ""lastObs"": ""2026-05-09"", ""lat"": 40.5917, ""location"": ""Christman air field"", ""lon"": -105.1418, ""name"": ""Christman Field"", ""network"": ""Coag"", ""station"": ""fcc01"", ""timestep"": 300, ""units"": ""m""}, ""coagmet_station_id"": ""fcc01""}"
fcl01,coagmet,Fort Collins,40.5762,-105.0857,1523,CO,USA,1996-02-01,,"{""coagmet_raw"": {""active"": ""active"", ""anemometerHeight"": 10.0, ""elevation"": 1523, ""firstObs"": ""1996-02-01"", ""irrigation"": ""full"", ""lastObs"": ""2026-05-09"", ""lat"": 40.5762, ""location"": ""CSU Campus"", ""lon"": -105.0857, ""name"": ""Fort Collins"", ""network"": ""Coag"", ""station"": ""fcl01"", ""timestep"": 300, ""units"": ""m""}, ""coagmet_station_id"": ""fcl01""}"
frt01,coagmet,CSU Fruita Expt,39.1667,-108.75,1372,CO,USA,2008-01-01,2008-12-31,"{""coagmet_raw"": {""active"": ""inactive"", ""anemometerHeight"": 2.0, ""elevation"": 1372, ""firstObs"": ""2008-01-01"", ""irrigation"": ""unknown"", ""lastObs"": ""2008-12-31"", ""lat"": 39.1667, ""location"": ""2 mi ENE of Fruita"", ""lon"": -108.75, ""name"": ""CSU Fruita Expt"", ""network"": ""Coag"", ""station"": ""frt01"", ""timestep"": 3600, ""units"": ""m""}, ""coagmet_station_id"": ""frt01""}"
frt02,coagmet,CSU Fruita Expt Station,39.1803,-108.6993,1377,CO,USA,1992-06-16,2021-01-03,"{""coagmet_raw"": {""active"": ""inactive"", ""anemometerHeight"": 2.0, ""elevation"": 1377, ""firstObs"": ""1992-06-16"", ""irrigation"": ""part"", ""lastObs"": ""2021-01-03"", ""lat"": 39.1803, ""location"": ""2 mi ENE Fruita"", ""lon"": -108.6993, ""name"": ""CSU Fruita Expt Station"", ""network"": ""Coag"", ""station"": ""frt02"", ""timestep"": 3600, ""units"": ""m""}, ""coagmet_station_id"": ""frt02""}"
frt03,coagmet,CSU Fruita Exp Station,39.183,-108.697,1404,CO,USA,2020-01-01,,"{""coagmet_raw"": {""active"": ""active"", ""anemometerHeight"": 3.0, ""elevation"": 1404, ""firstObs"": ""2020-01-01"", ""irrigation"": ""full"", ""lastObs"": ""2026-05-09"", ""lat"": 39.183, ""location"": ""2 mi ENE Fruita"", ""lon"": -108.697, ""name"": ""CSU Fruita Exp Station"", ""network"": ""Coag"", ""station"": ""frt03"", ""timestep"": 300, ""units"": ""m""}, ""coagmet_station_id"": ""frt03""}"
ftc01,coagmet,Fort Collins AERC,40.5947,-105.137,1561,CO,USA,1992-02-01,,"{""coagmet_raw"": {""active"": ""active"", ""anemometerHeight"": 2.0, ""elevation"": 1561, ""firstObs"": ""1992-02-01"", ""irrigation"": ""part"", ""lastObs"": ""2026-05-09"", ""lat"": 40.5947, ""location"": ""Fort Collins AERC"", ""lon"": -105.137, ""name"": ""Fort Collins AERC"", ""network"": ""Coag"", ""station"": ""ftc01"", ""timestep"": 300, ""units"": ""m""}, ""coagmet_station_id"": ""ftc01""}"
ftc03,coagmet,CSU - ARDEC,40.6523,-104.9962,1558,CO,USA,1992-05-08,,"{""coagmet_raw"": {""active"": ""active"", ""anemometerHeight"": 2.0, ""elevation"": 1558, ""firstObs"": ""1992-05-08"", ""irrigation"": ""part"", ""lastObs"": ""2026-05-09"", ""lat"": 40.6523, ""location"": ""6 mi NE Fort Collins"", ""lon"": -104.9962, ""name"": ""CSU - ARDEC"", ""network"": ""Coag"", ""station"": ""ftc03"", ""timestep"": 300, ""units"": ""m""}, ""coagmet_station_id"": ""ftc03""}"
ftl01,coagmet,Fort Lupton,40.0011,-104.849,1541,CO,USA,1992-03-17,,"{""coagmet_raw"": {""active"": ""active"", ""anemometerHeight"": 2.0, ""elevation"": 1541, ""firstObs"": ""1992-03-17"", ""irrigation"": ""part"", ""lastObs"": ""2026-05-09"", ""lat"": 40.0011, ""location"": ""6 mi SSW Fort Lupton"", ""lon"": -104.849, ""name"": ""Fort Lupton"", ""network"": ""Coag"", ""station"": ""ftl01"", ""timestep"": 300, ""units"": ""m""}, ""coagmet_station_id"": ""ftl01""}"
ftm01,coagmet,Fort Morgan,40.2585,-103.954,1317,CO,USA,1995-04-21,2010-04-07,"{""coagmet_raw"": {""active"": ""inactive"", ""anemometerHeight"": 2.0, ""elevation"": 1317, ""firstObs"": ""1995-04-21"", ""irrigation"": ""part"", ""lastObs"": ""2010-04-07"", ""lat"": 40.2585, ""location"": ""8 mi W Fort Morgan"", ""lon"": -103.954, ""name"": ""Fort Morgan"", ""network"": ""Coag"", ""station"": ""ftm01"", ""timestep"": 3600, ""units"": ""m""}, ""coagmet_station_id"": ""ftm01""}"
fwl01,coagmet,Fowler,38.1351,-104.0319,1321,CO,USA,2005-03-17,,"{""coagmet_raw"": {""active"": ""active"", ""anemometerHeight"": 2.0, ""elevation"": 1321, ""firstObs"": ""2005-03-17"", ""irrigation"": ""full"", ""lastObs"": ""2026-05-09"", ""lat"": 38.1351, ""location"": ""Fowler Golf Course"", ""lon"": -104.0319, ""name"": ""Fowler"", ""network"": ""Coag"", ""station"": ""fwl01"", ""timestep"": 300, ""units"": ""m""}, ""coagmet_station_id"": ""fwl01""}"
gby01,coagmet,Granby,40.1047,-105.943,2411,CO,USA,2018-04-23,,"{""coagmet_raw"": {""active"": ""active"", ""anemometerHeight"": 3.0, ""elevation"": 2411, ""firstObs"": ""2018-04-23"", ""irrigation"": ""full"", ""lastObs"": ""2026-05-09"", ""lat"": 40.1047, ""location"": ""1 mile N of Granby"", ""lon"": -105.943, ""name"": ""Granby"", ""network"": ""Coag"", ""station"": ""gby01"", ""timestep"": 300, ""units"": ""m""}, ""coagmet_station_id"": ""gby01""}"
gjc01,coagmet,Grand Junction,39.1752,-108.632,1484,CO,USA,1993-10-01,2009-05-11,"{""coagmet_raw"": {""active"": ""inactive"", ""anemometerHeight"": 2.0, ""elevation"": 1484, ""firstObs"": ""1993-10-01"", ""irrigation"": ""dry"", ""lastObs"": ""2009-05-11"", ""lat"": 39.1752, ""location"": ""3 mi NW Grand Junction"", ""lon"": -108.632, ""name"": ""Grand Junction"", ""network"": ""Coag"", ""station"": ""gjc01"", ""timestep"": 3600, ""units"": ""m""}, ""coagmet_station_id"": ""gjc01""}"
gly03,coagmet,Greeley,40.4394,-104.647,1426,CO,USA,1992-03-04,2010-06-16,"{""coagmet_raw"": {""active"": ""inactive"", ""anemometerHeight"": 2.0, ""elevation"": 1426, ""firstObs"": ""1992-03-04"", ""irrigation"": ""part"", ""lastObs"": ""2010-06-16"", ""lat"": 40.4394, ""location"": ""2.5 mi NE Greeley"", ""lon"": -104.647, ""name"": ""Greeley"", ""network"": ""Coag"", ""station"": ""gly03"", ""timestep"": 3600, ""units"": ""m""}, ""coagmet_station_id"": ""gly03""}"
gly04,coagmet,Greeley 4,40.4487,-104.638,1427,CO,USA,2007-11-30,,"{""coagmet_raw"": {""active"": ""active"", ""anemometerHeight"": 2.0, ""elevation"": 1427, ""firstObs"": ""2007-11-30"", ""irrigation"": ""full"", ""lastObs"": ""2026-05-09"", ""lat"": 40.4487, ""location"": ""1.5 mi N of Greeley Airport"", ""lon"": -104.638, ""name"": ""Greeley 4"", ""network"": ""Coag"", ""station"": ""gly04"", ""timestep"": 300, ""units"": ""m""}, ""coagmet_station_id"": ""gly04""}"
gun01,coagmet,Gunnison,38.6135,-106.9015,2406,CO,USA,2015-02-25,,"{""coagmet_raw"": {""active"": ""active"", ""anemometerHeight"": 2.0, ""elevation"": 2406, ""firstObs"": ""2015-02-25"", ""irrigation"": ""full"", ""lastObs"": ""2026-05-09"", ""lat"": 38.6135, ""location"": ""5 miles North of Gunnison"", ""lon"": -106.9015, ""name"": ""Gunnison"", ""network"": ""Coag"", ""station"": ""gun01"", ""timestep"": 300, ""units"": ""m""}, ""coagmet_station_id"": ""gun01""}"
gun02,coagmet,Gunnison 2,38.485,-106.6806,2426,CO,USA,2025-10-03,,"{""coagmet_raw"": {""active"": ""active"", ""anemometerHeight"": 2.0, ""elevation"": 2426, ""firstObs"": ""2025-10-03"", ""irrigation"": ""full"", ""lastObs"": ""2026-05-09"", ""lat"": 38.485, ""location"": ""15 miles east of Gunnison"", ""lon"": -106.6806, ""name"": ""Gunnison 2"", ""network"": ""Coag"", ""station"": ""gun02"", ""timestep"": 300, ""units"": ""m""}, ""coagmet_station_id"": ""gun02""}"
gyp01,coagmet,Gypsum,39.6344,-106.947,1972,CO,USA,2017-10-11,,"{""coagmet_raw"": {""active"": ""active"", ""anemometerHeight"": 3.0, ""elevation"": 1972, ""firstObs"": ""2017-10-11"", ""irrigation"": ""part"", ""lastObs"": ""2026-05-09"", ""lat"": 39.6344, ""location"": ""1 mi S Gypsum"", ""lon"": -106.947, ""name"": ""Gypsum"", ""network"": ""Coag"", ""station"": ""gyp01"", ""timestep"": 300, ""units"": ""m""}, ""coagmet_station_id"": ""gyp01""}"
heb01,coagmet,Hebron,40.5455,-106.388,2490,CO,USA,2009-06-10,,"{""coagmet_raw"": {""active"": ""active"", ""anemometerHeight"": 2.0, ""elevation"": 2490, ""firstObs"": ""2009-06-10"", ""irrigation"": ""full"", ""lastObs"": ""2026-05-09"", ""lat"": 40.5455, ""location"": ""13 miles SW of Walden"", ""lon"": -106.388, ""name"": ""Hebron"", ""network"": ""Coag"", ""station"": ""heb01"", ""timestep"": 300, ""units"": ""m""}, ""coagmet_station_id"": ""heb01""}"
hly01,coagmet,Holly,38.1198,-102.1605,1092,CO,USA,2001-09-27,,"{""coagmet_raw"": {""active"": ""active"", ""anemometerHeight"": 2.0, ""elevation"": 1092, ""firstObs"": ""2001-09-27"", ""irrigation"": ""part"", ""lastObs"": ""2026-05-09"", ""lat"": 38.1198, ""location"": ""5 mi NW Holly"", ""lon"": -102.1605, ""name"": ""Holly"", ""network"": ""Coag"", ""station"": ""hly01"", ""timestep"": 300, ""units"": ""m""}, ""coagmet_station_id"": ""hly01""}"
hly02,coagmet,Holly 2,38.1361,-102.2405,1088,CO,USA,2005-05-21,,"{""coagmet_raw"": {""active"": ""active"", ""anemometerHeight"": 2.0, ""elevation"": 1088, ""firstObs"": ""2005-05-21"", ""irrigation"": ""full"", ""lastObs"": ""2026-05-09"", ""lat"": 38.1361, ""location"": ""8.5 mi NW Holly"", ""lon"": -102.2405, ""name"": ""Holly 2"", ""network"": ""Coag"", ""station"": ""hly02"", ""timestep"": 300, ""units"": ""m""}, ""coagmet_station_id"": ""hly02""}"
hne01,coagmet,Hoehne,37.2893,-104.313,1714,CO,USA,2000-02-14,,"{""coagmet_raw"": {""active"": ""active"", ""anemometerHeight"": 2.0, ""elevation"": 1714, ""firstObs"": ""2000-02-14"", ""irrigation"": ""part"", ""lastObs"": ""2026-05-09"", ""lat"": 37.2893, ""location"": ""NE Trinidad"", ""lon"": -104.313, ""name"": ""Hoehne"", ""network"": ""Coag"", ""station"": ""hne01"", ""timestep"": 300, ""units"": ""m""}, ""coagmet_station_id"": ""hne01""}"
hot01,coagmet,CSU Rogers Mesa Expt Sta,38.7917,-107.792,1691,CO,USA,1998-05-20,2019-09-26,"{""coagmet_raw"": {""active"": ""inactive"", ""anemometerHeight"": 2.0, ""elevation"": 1691, ""firstObs"": ""1998-05-20"", ""irrigation"": ""part"", ""lastObs"": ""2019-09-26"", ""lat"": 38.7917, ""location"": ""4 mi W Hotchkiss"", ""lon"": -107.792, ""name"": ""CSU Rogers Mesa Expt Sta"", ""network"": ""Coag"", ""station"": ""hot01"", ""timestep"": 3600, ""units"": ""m""}, ""coagmet_station_id"": ""hot01""}"
hot02,coagmet,CSU Rogers Mesa Research Sta,38.7985,-107.7882,1716,CO,USA,2019-03-19,,"{""coagmet_raw"": {""active"": ""active"", ""anemometerHeight"": 3.0, ""elevation"": 1716, ""firstObs"": ""2019-03-19"", ""irrigation"": ""full"", ""lastObs"": ""2026-05-09"", ""lat"": 38.7985, ""location"": ""CSU Rogers Mesa Research Station"", ""lon"": -107.7882, ""name"": ""CSU Rogers Mesa Research Sta"", ""network"": ""Coag"", ""station"": ""hot02"", ""timestep"": 300, ""units"": ""m""}, ""coagmet_station_id"": ""hot02""}"
hrt01,coagmet,Heartstrong,39.9552,-102.625,1259,CO,USA,2005-05-30,2008-03-15,"{""coagmet_raw"": {""active"": ""inactive"", ""anemometerHeight"": 2.0, ""elevation"": 1259, ""firstObs"": ""2005-05-30"", ""irrigation"": ""part"", ""lastObs"": ""2008-03-15"", ""lat"": 39.9552, ""location"": ""12 mi SSE Yuma"", ""lon"": -102.625, ""name"": ""Heartstrong"", ""network"": ""Coag"", ""station"": ""hrt01"", ""timestep"": 3600, ""units"": ""m""}, ""coagmet_station_id"": ""hrt01""}"
hxt01,coagmet,Haxtun,40.6722,-102.647,1231,CO,USA,1997-03-27,,"{""coagmet_raw"": {""active"": ""active"", ""anemometerHeight"": 2.0, ""elevation"": 1231, ""firstObs"": ""1997-03-27"", ""irrigation"": ""part"", ""lastObs"": ""2026-05-09"", ""lat"": 40.6722, ""location"": ""2.5 mi NW Haxtun"", ""lon"": -102.647, ""name"": ""Haxtun"", ""network"": ""Coag"", ""station"": ""hxt01"", ""timestep"": 300, ""units"": ""m""}, ""coagmet_station_id"": ""hxt01""}"
hyd01,coagmet,Hayden,40.499,-107.181,1967,CO,USA,2011-11-15,,"{""coagmet_raw"": {""active"": ""active"", ""anemometerHeight"": 2.0, ""elevation"": 1967, ""firstObs"": ""2011-11-15"", ""irrigation"": ""full"", ""lastObs"": ""2026-05-09"", ""lat"": 40.499, ""location"": ""4 mi E of Hayden"", ""lon"": -107.181, ""name"": ""Hayden"", ""network"": ""Coag"", ""station"": ""hyd01"", ""timestep"": 300, ""units"": ""m""}, ""coagmet_station_id"": ""hyd01""}"
hyk02,coagmet,Holyoke,40.4909,-102.089,1138,CO,USA,1992-01-01,,"{""coagmet_raw"": {""active"": ""active"", ""anemometerHeight"": 2.0, ""elevation"": 1138, ""firstObs"": ""1992-01-01"", ""irrigation"": ""dry"", ""lastObs"": ""2026-05-09"", ""lat"": 40.4909, ""location"": ""12 mi SE Holyoke"", ""lon"": -102.089, ""name"": ""Holyoke"", ""network"": ""Coag"", ""station"": ""hyk02"", ""timestep"": 300, ""units"": ""m""}, ""coagmet_station_id"": ""hyk02""}"
idl01,coagmet,Idalia,39.7312,-102.302,1212,CO,USA,1992-01-01,,"{""coagmet_raw"": {""active"": ""active"", ""anemometerHeight"": 2.0, ""elevation"": 1212, ""firstObs"": ""1992-01-01"", ""irrigation"": ""full"", ""lastObs"": ""2026-05-09"", ""lat"": 39.7312, ""location"": ""2 mi N Idalia"", ""lon"": -102.302, ""name"": ""Idalia"", ""network"": ""Coag"", ""station"": ""idl01"", ""timestep"": 300, ""units"": ""m""}, ""coagmet_station_id"": ""idl01""}"
ign01,coagmet,Ignacio,37.1383,-107.7072,2017,CO,USA,2018-04-20,,"{""coagmet_raw"": {""active"": ""active"", ""anemometerHeight"": 3.0, ""elevation"": 2017, ""firstObs"": ""2018-04-20"", ""irrigation"": ""full"", ""lastObs"": ""2026-05-09"", ""lat"": 37.1383, ""location"": ""4 mi NW of Ignacio, CO"", ""lon"": -107.7072, ""name"": ""Ignacio"", ""network"": ""Coag"", ""station"": ""ign01"", ""timestep"": 300, ""units"": ""m""}, ""coagmet_station_id"": ""ign01""}"
ign02,coagmet,Ignacio 2,37.0769,-107.5872,1978,CO,USA,2024-04-04,,"{""coagmet_raw"": {""active"": ""active"", ""anemometerHeight"": 0.0, ""elevation"": 1978, ""firstObs"": ""2024-04-04"", ""irrigation"": ""part"", ""lastObs"": ""2026-05-09"", ""lat"": 37.0769, ""location"": ""3.65 miles southeast of Ignacio"", ""lon"": -107.5872, ""name"": ""Ignacio 2"", ""network"": ""Coag"", ""station"": ""ign02"", ""timestep"": 300, ""units"": ""m""}, ""coagmet_station_id"": ""ign02""}"
ilf01,coagmet,Iliff,40.7678,-103.045,1165,CO,USA,2007-12-01,,"{""coagmet_raw"": {""active"": ""active"", ""anemometerHeight"": 2.0, ""elevation"": 1165, ""firstObs"": ""2007-12-01"", ""irrigation"": ""dry"", ""lastObs"": ""2026-05-09"", ""lat"": 40.7678, ""location"": ""1.5 mi NE of Iliff"", ""lon"": -103.045, ""name"": ""Iliff"", ""network"": ""Coag"", ""station"": ""ilf01"", ""timestep"": 300, ""units"": ""m""}, ""coagmet_station_id"": ""ilf01""}"
jfn01,coagmet,Jefferson,39.3509,-105.8152,2883,CO,USA,2012-01-01,,"{""coagmet_raw"": {""active"": ""active"", ""anemometerHeight"": 2.0, ""elevation"": 2883, ""firstObs"": ""2012-01-01"", ""irrigation"": ""dry"", ""lastObs"": ""2026-05-09"", ""lat"": 39.3509, ""location"": ""1 mile SW of Jefferson,CO"", ""lon"": -105.8152, ""name"": ""Jefferson"", ""network"": ""Coag"", ""station"": ""jfn01"", ""timestep"": 300, ""units"": ""m""}, ""coagmet_station_id"": ""jfn01""}"
kln01,coagmet,Kline,37.1261,-108.146,2059,CO,USA,2018-04-12,,"{""coagmet_raw"": {""active"": ""active"", ""anemometerHeight"": 3.0, ""elevation"": 2059, ""firstObs"": ""2018-04-12"", ""irrigation"": ""part"", ""lastObs"": ""2026-05-09"", ""lat"": 37.1261, ""location"": ""2 mi SW of Kline, CO"", ""lon"": -108.146, ""name"": ""Kline"", ""network"": ""Coag"", ""station"": ""kln01"", ""timestep"": 300, ""units"": ""m""}, ""coagmet_station_id"": ""kln01""}"
krk01,coagmet,Kirk,39.6554,-102.621,1284,CO,USA,1996-05-13,,"{""coagmet_raw"": {""active"": ""active"", ""anemometerHeight"": 2.0, ""elevation"": 1284, ""firstObs"": ""1996-05-13"", ""irrigation"": ""part"", ""lastObs"": ""2026-05-09"", ""lat"": 39.6554, ""location"": ""3 mi W Joes"", ""lon"": -102.621, ""name"": ""Kirk"", ""network"": ""Coag"", ""station"": ""krk01"", ""timestep"": 300, ""units"": ""m""}, ""coagmet_station_id"": ""krk01""}"
krm01,coagmet,Kremmling,40.1153,-106.2835,2296,CO,USA,2018-04-30,,"{""coagmet_raw"": {""active"": ""active"", ""anemometerHeight"": 3.0, ""elevation"": 2296, ""firstObs"": ""2018-04-30"", ""irrigation"": ""full"", ""lastObs"": ""2026-05-09"", ""lat"": 40.1153, ""location"": ""7 miles NE of Kremmling"", ""lon"": -106.2835, ""name"": ""Kremmling"", ""network"": ""Coag"", ""station"": ""krm01"", ""timestep"": 300, ""units"": ""m""}, ""coagmet_station_id"": ""krm01""}"
ksy01,coagmet,Kersey 1,40.3703,-104.5358,1410,CO,USA,1992-05-01,,"{""coagmet_raw"": {""active"": ""active"", ""anemometerHeight"": 2.0, ""elevation"": 1410, ""firstObs"": ""1992-05-01"", ""irrigation"": ""part"", ""lastObs"": ""2026-05-09"", ""lat"": 40.3703, ""location"": ""2 mi SE Kersey"", ""lon"": -104.5358, ""name"": ""Kersey 1"", ""network"": ""Coag"", ""station"": ""ksy01"", ""timestep"": 300, ""units"": ""m""}, ""coagmet_station_id"": ""ksy01""}"
ksy02,coagmet,Kersey 2,40.3629,-104.478,1391,CO,USA,2015-01-01,,"{""coagmet_raw"": {""active"": ""active"", ""anemometerHeight"": 2.0, ""elevation"": 1391, ""firstObs"": ""2015-01-01"", ""irrigation"": ""part"", ""lastObs"": ""2026-05-09"", ""lat"": 40.3629, ""location"": ""4 mi SE Kersey"", ""lon"": -104.478, ""name"": ""Kersey 2"", ""network"": ""Coag"", ""station"": ""ksy02"", ""timestep"": 300, ""units"": ""m""}, ""coagmet_station_id"": ""ksy02""}"
lam01,coagmet,Lamar 1,37.9808,-102.5962,1151,CO,USA,1996-08-03,,"{""coagmet_raw"": {""active"": ""active"", ""anemometerHeight"": 2.0, ""elevation"": 1151, ""firstObs"": ""1996-08-03"", ""irrigation"": ""dry"", ""lastObs"": ""2026-05-09"", ""lat"": 37.9808, ""location"": ""4.5 Mi S Lamar"", ""lon"": -102.5962, ""name"": ""Lamar 1"", ""network"": ""Coag"", ""station"": ""lam01"", ""timestep"": 300, ""units"": ""m""}, ""coagmet_station_id"": ""lam01""}"
lam02,coagmet,Lamar 2,38.1734,-102.559,1139,CO,USA,2002-01-01,2005-06-15,"{""coagmet_raw"": {""active"": ""inactive"", ""anemometerHeight"": 2.0, ""elevation"": 1139, ""firstObs"": ""2002-01-01"", ""irrigation"": ""dry"", ""lastObs"": ""2005-06-15"", ""lat"": 38.1734, ""location"": ""7 mi NNE Lamar"", ""lon"": -102.559, ""name"": ""Lamar 2"", ""network"": ""Coag"", ""station"": ""lam02"", ""timestep"": 3600, ""units"": ""m""}, ""coagmet_station_id"": ""lam02""}"
lam03,coagmet,Lamar 3,37.9769,-102.7127,1194,CO,USA,2002-01-01,,"{""coagmet_raw"": {""active"": ""active"", ""anemometerHeight"": 2.0, ""elevation"": 1194, ""firstObs"": ""2002-01-01"", ""irrigation"": ""dry"", ""lastObs"": ""2026-05-09"", ""lat"": 37.9769, ""location"": ""10 mi SW Lamar"", ""lon"": -102.7127, ""name"": ""Lamar 3"", ""network"": ""Coag"", ""station"": ""lam03"", ""timestep"": 300, ""units"": ""m""}, ""coagmet_station_id"": ""lam03""}"
lam04,coagmet,Lamar 4,38.1539,-102.599,1129,CO,USA,2005-05-11,,"{""coagmet_raw"": {""active"": ""active"", ""anemometerHeight"": 2.0, ""elevation"": 1129, ""firstObs"": ""2005-05-11"", ""irrigation"": ""full"", ""lastObs"": ""2026-05-09"", ""lat"": 38.1539, ""location"": ""4.5 mi NNE Lamar"", ""lon"": -102.599, ""name"": ""Lamar 4"", ""network"": ""Coag"", ""station"": ""lam04"", ""timestep"": 300, ""units"": ""m""}, ""coagmet_station_id"": ""lam04""}"
lar01,coagmet,Larand,40.6126,-106.2997,2515,CO,USA,2009-06-10,,"{""coagmet_raw"": {""active"": ""active"", ""anemometerHeight"": 2.0, ""elevation"": 2515, ""firstObs"": ""2009-06-10"", ""irrigation"": ""full"", ""lastObs"": ""2026-05-09"", ""lat"": 40.6126, ""location"": ""8 miles south of Walden"", ""lon"": -106.2997, ""name"": ""Larand"", ""network"": ""Coag"", ""station"": ""lar01"", ""timestep"": 300, ""units"": ""m""}, ""coagmet_station_id"": ""lar01""}"
lbn01,coagmet,Lebanon,37.4464,-108.553,2073,CO,USA,2022-02-04,,"{""coagmet_raw"": {""active"": ""active"", ""anemometerHeight"": 3.0, ""elevation"": 2073, ""firstObs"": ""2022-02-04"", ""irrigation"": ""full"", ""lastObs"": ""2026-05-09"", ""lat"": 37.4464, ""location"": ""Lebanon"", ""lon"": -108.553, ""name"": ""Lebanon"", ""network"": ""Coag"", ""station"": ""lbn01"", ""timestep"": 300, ""units"": ""m""}, ""coagmet_station_id"": ""lbn01""}"
lcn01,coagmet,Lucerne,40.4756,-104.7066,1448,CO,USA,1992-03-04,,"{""coagmet_raw"": {""active"": ""active"", ""anemometerHeight"": 2.0, ""elevation"": 1448, ""firstObs"": ""1992-03-04"", ""irrigation"": ""part"", ""lastObs"": ""2026-05-09"", ""lat"": 40.4756, ""location"": ""1/4 mi SW Lucerne"", ""lon"": -104.7066, ""name"": ""Lucerne"", ""network"": ""Coag"", ""station"": ""lcn01"", ""timestep"": 300, ""units"": ""m""}, ""coagmet_station_id"": ""lcn01""}"
ljr01,coagmet,La Jara,37.2443,-105.9722,2315,CO,USA,2005-05-19,,"{""coagmet_raw"": {""active"": ""active"", ""anemometerHeight"": 2.0, ""elevation"": 2315, ""firstObs"": ""2005-05-19"", ""irrigation"": ""part"", ""lastObs"": ""2026-05-09"", ""lat"": 37.2443, ""location"": ""2 mi S LaJara"", ""lon"": -105.9722, ""name"": ""La Jara"", ""network"": ""Coag"", ""station"": ""ljr01"", ""timestep"": 300, ""units"": ""m""}, ""coagmet_station_id"": ""ljr01""}"
ljt01,coagmet,La Junta,38.0777,-103.3665,1207,CO,USA,2005-03-17,,"{""coagmet_raw"": {""active"": ""active"", ""anemometerHeight"": 2.0, ""elevation"": 1207, ""firstObs"": ""2005-03-17"", ""irrigation"": ""full"", ""lastObs"": ""2026-05-09"", ""lat"": 38.0777, ""location"": ""11 mi NE LaJunta"", ""lon"": -103.3665, ""name"": ""La Junta"", ""network"": ""Coag"", ""station"": ""ljt01"", ""timestep"": 300, ""units"": ""m""}, ""coagmet_station_id"": ""ljt01""}"
lms02,coagmet,Las Animas 2,38.009,-103.2438,1204,CO,USA,2020-03-10,,"{""coagmet_raw"": {""active"": ""active"", ""anemometerHeight"": 3.0, ""elevation"": 1204, ""firstObs"": ""2020-03-10"", ""irrigation"": ""dry"", ""lastObs"": ""2026-05-09"", ""lat"": 38.009, ""location"": ""4 miles SW Las Animas"", ""lon"": -103.2438, ""name"": ""Las Animas 2"", ""network"": ""Coag"", ""station"": ""lms02"", ""timestep"": 300, ""units"": ""m""}, ""coagmet_station_id"": ""lms02""}"
lsl01,coagmet,La Salle,40.3349,-104.63,1425,CO,USA,2012-02-10,,"{""coagmet_raw"": {""active"": ""active"", ""anemometerHeight"": 2.0, ""elevation"": 1425, ""firstObs"": ""2012-02-10"", ""irrigation"": ""part"", ""lastObs"": ""2026-05-09"", ""lat"": 40.3349, ""location"": ""4 mi SE of La Salle"", ""lon"": -104.63, ""name"": ""La Salle"", ""network"": ""Coag"", ""station"": ""lsl01"", ""timestep"": 300, ""units"": ""m""}, ""coagmet_station_id"": ""lsl01""}"
mcl01,coagmet,McClave (was Las Animas 1),38.15,-102.8484,1190,CO,USA,2005-03-17,,"{""coagmet_raw"": {""active"": ""active"", ""anemometerHeight"": 2.0, ""elevation"": 1190, ""firstObs"": ""2005-03-17"", ""irrigation"": ""full"", ""lastObs"": ""2026-05-09"", ""lat"": 38.15, ""location"": ""1 mi NW McClave"", ""lon"": -102.8484, ""name"": ""McClave (was Las Animas 1)"", ""network"": ""Coag"", ""station"": ""mcl01"", ""timestep"": 300, ""units"": ""m""}, ""coagmet_station_id"": ""mcl01""}"
mkr01,coagmet,Meeker,40.0083,-107.908,1933,CO,USA,2018-04-26,,"{""coagmet_raw"": {""active"": ""active"", ""anemometerHeight"": 3.0, ""elevation"": 1933, ""firstObs"": ""2018-04-26"", ""irrigation"": ""part"", ""lastObs"": ""2026-05-06"", ""lat"": 40.0083, ""location"": ""2 miles S of Meeker"", ""lon"": -107.908, ""name"": ""Meeker"", ""network"": ""Coag"", ""station"": ""mkr01"", ""timestep"": 300, ""units"": ""m""}, ""coagmet_station_id"": ""mkr01""}"
mnc01,coagmet,Mancos,37.3212,-108.339,2051,CO,USA,2010-10-29,,"{""coagmet_raw"": {""active"": ""active"", ""anemometerHeight"": 2.0, ""elevation"": 2051, ""firstObs"": ""2010-10-29"", ""irrigation"": ""full"", ""lastObs"": ""2026-05-09"", ""lat"": 37.3212, ""location"": ""3.5 Mi SW Mancos"", ""lon"": -108.339, ""name"": ""Mancos"", ""network"": ""Coag"", ""station"": ""mnc01"", ""timestep"": 300, ""units"": ""m""}, ""coagmet_station_id"": ""mnc01""}"
mtr01,coagmet,Montrose,38.547,-107.9143,1722,CO,USA,2015-02-24,,"{""coagmet_raw"": {""active"": ""active"", ""anemometerHeight"": 2.0, ""elevation"": 1722, ""firstObs"": ""2015-02-24"", ""irrigation"": ""full"", ""lastObs"": ""2026-05-09"", ""lat"": 38.547, ""location"": ""3 miles NW of Montrose"", ""lon"": -107.9143, ""name"": ""Montrose"", ""network"": ""Coag"", ""station"": ""mtr01"", ""timestep"": 300, ""units"": ""m""}, ""coagmet_station_id"": ""mtr01""}"
nuc01,coagmet,Nucla,38.2658,-108.5456,1759,CO,USA,2024-06-05,,"{""coagmet_raw"": {""active"": ""active"", ""anemometerHeight"": 2.0, ""elevation"": 1759, ""firstObs"": ""2024-06-05"", ""irrigation"": ""full"", ""lastObs"": ""2026-05-09"", ""lat"": 38.2658, ""location"": ""Southeast end of Nucla, Colorado"", ""lon"": -108.5456, ""name"": ""Nucla"", ""network"": ""Coag"", ""station"": ""nuc01"", ""timestep"": 300, ""units"": ""m""}, ""coagmet_station_id"": ""nuc01""}"
nwd01,coagmet,Norwood,38.151,-108.2836,2134,CO,USA,2018-06-14,,"{""coagmet_raw"": {""active"": ""active"", ""anemometerHeight"": 3.0, ""elevation"": 2134, ""firstObs"": ""2018-06-14"", ""irrigation"": ""part"", ""lastObs"": ""2026-05-09"", ""lat"": 38.151, ""location"": ""2 mi South of Norwood"", ""lon"": -108.2836, ""name"": ""Norwood"", ""network"": ""Coag"", ""station"": ""nwd01"", ""timestep"": 300, ""units"": ""m""}, ""coagmet_station_id"": ""nwd01""}"
orm01,coagmet,Orchard Mesa,39.0424,-108.4664,1402,CO,USA,2006-01-01,2019-09-25,"{""coagmet_raw"": {""active"": ""inactive"", ""anemometerHeight"": 2.0, ""elevation"": 1402, ""firstObs"": ""2006-01-01"", ""irrigation"": ""part"", ""lastObs"": ""2019-09-25"", ""lat"": 39.0424, ""location"": ""Orchard Mesa"", ""lon"": -108.4664, ""name"": ""Orchard Mesa"", ""network"": ""Coag"", ""station"": ""orm01"", ""timestep"": 3600, ""units"": ""m""}, ""coagmet_station_id"": ""orm01""}"
orm02,coagmet,CSU Orchard Mesa Research Station,39.0441,-108.4673,1433,CO,USA,2019-09-25,,"{""coagmet_raw"": {""active"": ""active"", ""anemometerHeight"": 3.0, ""elevation"": 1433, ""firstObs"": ""2019-09-25"", ""irrigation"": ""part"", ""lastObs"": ""2026-05-09"", ""lat"": 39.0441, ""location"": ""CSU Orchard Mesa Research Station"", ""lon"": -108.4673, ""name"": ""CSU Orchard Mesa Research Station"", ""network"": ""Coag"", ""station"": ""orm02"", ""timestep"": 300, ""units"": ""m""}, ""coagmet_station_id"": ""orm02""}"
oth01,coagmet,Olathe,38.635,-107.9636,1623,CO,USA,1992-07-28,,"{""coagmet_raw"": {""active"": ""active"", ""anemometerHeight"": 2.0, ""elevation"": 1623, ""firstObs"": ""1992-07-28"", ""irrigation"": ""part"", ""lastObs"": ""2026-05-09"", ""lat"": 38.635, ""location"": ""3 mi NE Olathe"", ""lon"": -107.9636, ""name"": ""Olathe"", ""network"": ""Coag"", ""station"": ""oth01"", ""timestep"": 300, ""units"": ""m""}, ""coagmet_station_id"": ""oth01""}"
oth02,coagmet,Olathe 2,38.6135,-108.069,1661,CO,USA,2010-08-12,2016-12-31,"{""coagmet_raw"": {""active"": ""inactive"", ""anemometerHeight"": 2.0, ""elevation"": 1661, ""firstObs"": ""2010-08-12"", ""irrigation"": ""full"", ""lastObs"": ""2016-12-31"", ""lat"": 38.6135, ""location"": ""4 mi W Olathe"", ""lon"": -108.069, ""name"": ""Olathe 2"", ""network"": ""Coag"", ""station"": ""oth02"", ""timestep"": 3600, ""units"": ""m""}, ""coagmet_station_id"": ""oth02""}"
pai01,coagmet,Paoli,40.4248,-102.475,1181,CO,USA,2001-09-26,,"{""coagmet_raw"": {""active"": ""active"", ""anemometerHeight"": 2.0, ""elevation"": 1181, ""firstObs"": ""2001-09-26"", ""irrigation"": ""dry"", ""lastObs"": ""2026-05-09"", ""lat"": 40.4248, ""location"": ""RD U & 59"", ""lon"": -102.475, ""name"": ""Paoli"", ""network"": ""Coag"", ""station"": ""pai01"", ""timestep"": 300, ""units"": ""m""}, ""coagmet_station_id"": ""pai01""}"
pan01,coagmet,Paonia,38.8656,-107.599,1720,CO,USA,,,"{""coagmet_raw"": {""active"": ""inactive"", ""anemometerHeight"": 2.0, ""elevation"": 1720, ""firstObs"": ""0001-01-01"", ""irrigation"": ""unknown"", ""lastObs"": ""0001-01-01"", ""lat"": 38.8656, ""location"": ""Paonia"", ""lon"": -107.599, ""name"": ""Paonia"", ""network"": ""Coag"", ""station"": ""pan01"", ""timestep"": 3600, ""units"": ""m""}, ""coagmet_station_id"": ""pan01""}"
pbl01,coagmet,Pueblo (defunct),38.2317,-104.467,1436,CO,USA,1993-08-04,1995-05-22,"{""coagmet_raw"": {""active"": ""inactive"", ""anemometerHeight"": 2.0, ""elevation"": 1436, ""firstObs"": ""1993-08-04"", ""irrigation"": ""unknown"", ""lastObs"": ""1995-05-22"", ""lat"": 38.2317, ""location"": ""Pueblo"", ""lon"": -104.467, ""name"": ""Pueblo (defunct)"", ""network"": ""Coag"", ""station"": ""pbl01"", ""timestep"": 3600, ""units"": ""m""}, ""coagmet_station_id"": ""pbl01""}"
pbw01,coagmet,Pueblo West,38.1515,-104.8042,1661,CO,USA,2023-02-09,,"{""coagmet_raw"": {""active"": ""active"", ""anemometerHeight"": 0.0, ""elevation"": 1661, ""firstObs"": ""2023-02-09"", ""irrigation"": ""dry"", ""lastObs"": ""2026-05-09"", ""lat"": 38.1515, ""location"": ""Hudson Ranch Rocket Launch Site"", ""lon"": -104.8042, ""name"": ""Pueblo West"", ""network"": ""Coag"", ""station"": ""pbw01"", ""timestep"": 300, ""units"": ""m""}, ""coagmet_station_id"": ""pbw01""}"
pgs01,coagmet,Pagosa Springs,37.277,-106.9826,2189,CO,USA,2018-04-20,,"{""coagmet_raw"": {""active"": ""active"", ""anemometerHeight"": 3.0, ""elevation"": 2189, ""firstObs"": ""2018-04-20"", ""irrigation"": ""full"", ""lastObs"": ""2026-05-09"", ""lat"": 37.277, ""location"": ""2 mi from Pagosa Springs"", ""lon"": -106.9826, ""name"": ""Pagosa Springs"", ""network"": ""Coag"", ""station"": ""pgs01"", ""timestep"": 300, ""units"": ""m""}, ""coagmet_station_id"": ""pgs01""}"
pkh01,coagmet,Peckham,40.3125,-104.727,1433,CO,USA,1992-03-17,,"{""coagmet_raw"": {""active"": ""active"", ""anemometerHeight"": 2.0, ""elevation"": 1433, ""firstObs"": ""1992-03-17"", ""irrigation"": ""part"", ""lastObs"": ""2026-05-09"", ""lat"": 40.3125, ""location"": ""3 mi ENE Peckham"", ""lon"": -104.727, ""name"": ""Peckham"", ""network"": ""Coag"", ""station"": ""pkh01"", ""timestep"": 300, ""units"": ""m""}, ""coagmet_station_id"": ""pkh01""}"
pkn01,coagmet,Punkin Center,38.9313,-103.6846,1628,CO,USA,2022-03-31,,"{""coagmet_raw"": {""active"": ""active"", ""anemometerHeight"": 3.0, ""elevation"": 1628, ""firstObs"": ""2022-03-31"", ""irrigation"": ""dry"", ""lastObs"": ""2026-05-09"", ""lat"": 38.9313, ""location"": ""5.6 mi NNE Punkin Center"", ""lon"": -103.6846, ""name"": ""Punkin Center"", ""network"": ""Coag"", ""station"": ""pkn01"", ""timestep"": 300, ""units"": ""m""}, ""coagmet_station_id"": ""pkn01""}"
pkr01,coagmet,Parker,39.5505,-104.811,1772,CO,USA,2015-03-12,2019-07-25,"{""coagmet_raw"": {""active"": ""inactive"", ""anemometerHeight"": 2.0, ""elevation"": 1772, ""firstObs"": ""2015-03-12"", ""irrigation"": ""dry"", ""lastObs"": ""2019-07-25"", ""lat"": 39.5505, ""location"": ""E470 and Chambers"", ""lon"": -104.811, ""name"": ""Parker"", ""network"": ""Coag"", ""station"": ""pkr01"", ""timestep"": 300, ""units"": ""m""}, ""coagmet_station_id"": ""pkr01""}"
pnr01,coagmet,Penrose,38.4119,-104.998,1625,CO,USA,2010-10-13,,"{""coagmet_raw"": {""active"": ""active"", ""anemometerHeight"": 2.0, ""elevation"": 1625, ""firstObs"": ""2010-10-13"", ""irrigation"": ""full"", ""lastObs"": ""2026-05-09"", ""lat"": 38.4119, ""location"": ""near L and 13th Sts."", ""lon"": -104.998, ""name"": ""Penrose"", ""network"": ""Coag"", ""station"": ""pnr01"", ""timestep"": 300, ""units"": ""m""}, ""coagmet_station_id"": ""pnr01""}"
ptv01,coagmet,Platteville,40.2278,-104.835,1433,CO,USA,,,"{""coagmet_raw"": {""active"": ""inactive"", ""anemometerHeight"": 2.0, ""elevation"": 1433, ""firstObs"": ""0001-01-01"", ""irrigation"": ""unknown"", ""lastObs"": ""0001-01-01"", ""lat"": 40.2278, ""location"": ""1 mi NW Platteville"", ""lon"": -104.835, ""name"": ""Platteville"", ""network"": ""Coag"", ""station"": ""ptv01"", ""timestep"": 3600, ""units"": ""m""}, ""coagmet_station_id"": ""ptv01""}"
rfd01,coagmet,"Rocky Ford, AVRC",38.0385,-103.695,1274,CO,USA,1992-06-04,,"{""coagmet_raw"": {""active"": ""active"", ""anemometerHeight"": 2.0, ""elevation"": 1274, ""firstObs"": ""1992-06-04"", ""irrigation"": ""full"", ""lastObs"": ""2026-05-09"", ""lat"": 38.0385, ""location"": ""2.5 mi SE Rocky Ford"", ""lon"": -103.695, ""name"": ""Rocky Ford, AVRC"", ""network"": ""Coag"", ""station"": ""rfd01"", ""timestep"": 300, ""units"": ""m""}, ""coagmet_station_id"": ""rfd01""}"
rfd02,coagmet,CSU Expt Stn Rocky Ford NRCS,38.0385,-103.695,1274,CO,USA,1999-01-01,2005-06-30,"{""coagmet_raw"": {""active"": ""inactive"", ""anemometerHeight"": 2.0, ""elevation"": 1274, ""firstObs"": ""1999-01-01"", ""irrigation"": ""full"", ""lastObs"": ""2005-06-30"", ""lat"": 38.0385, ""location"": ""Moved to HLY01"", ""lon"": -103.695, ""name"": ""CSU Expt Stn Rocky Ford NRCS"", ""network"": ""Coag"", ""station"": ""rfd02"", ""timestep"": 3600, ""units"": ""m""}, ""coagmet_station_id"": ""rfd02""}"
san01,coagmet,San Acacio,37.1417,-105.611,2363,CO,USA,2000-08-12,,"{""coagmet_raw"": {""active"": ""active"", ""anemometerHeight"": 2.0, ""elevation"": 2363, ""firstObs"": ""2000-08-12"", ""irrigation"": ""dry"", ""lastObs"": ""2026-05-09"", ""lat"": 37.1417, ""location"": ""2 mi N Mesita"", ""lon"": -105.611, ""name"": ""San Acacio"", ""network"": ""Coag"", ""station"": ""san01"", ""timestep"": 300, ""units"": ""m""}, ""coagmet_station_id"": ""san01""}"
sbt01,coagmet,Seibert,39.1187,-102.925,1479,CO,USA,2015-04-02,,"{""coagmet_raw"": {""active"": ""active"", ""anemometerHeight"": 2.0, ""elevation"": 1479, ""firstObs"": ""2015-04-02"", ""irrigation"": ""dry"", ""lastObs"": ""2026-05-09"", ""lat"": 39.1187, ""location"": ""Livingston CRP land south of Seibert"", ""lon"": -102.925, ""name"": ""Seibert"", ""network"": ""Coag"", ""station"": ""sbt01"", ""timestep"": 300, ""units"": ""m""}, ""coagmet_station_id"": ""sbt01""}"
scm01,coagmet,Sand Creek Massacre HS,38.5442,-102.5025,1208,CO,USA,2007-11-30,,"{""coagmet_raw"": {""active"": ""active"", ""anemometerHeight"": 2.0, ""elevation"": 1208, ""firstObs"": ""2007-11-30"", ""irrigation"": ""dry"", ""lastObs"": ""2026-05-09"", ""lat"": 38.5442, ""location"": ""7.5 mi NNE of Chivington"", ""lon"": -102.5025, ""name"": ""Sand Creek Massacre HS"", ""network"": ""Coag"", ""station"": ""scm01"", ""timestep"": 300, ""units"": ""m""}, ""coagmet_station_id"": ""scm01""}"
sld01,coagmet,Salida,38.5713,-106.0427,2203,CO,USA,2010-07-28,,"{""coagmet_raw"": {""active"": ""active"", ""anemometerHeight"": 2.0, ""elevation"": 2203, ""firstObs"": ""2010-07-28"", ""irrigation"": ""full"", ""lastObs"": ""2026-05-09"", ""lat"": 38.5713, ""location"": ""Near Salida"", ""lon"": -106.0427, ""name"": ""Salida"", ""network"": ""Coag"", ""station"": ""sld01"", ""timestep"": 300, ""units"": ""m""}, ""coagmet_station_id"": ""sld01""}"
slt01,coagmet,Silt,39.5667,-107.6934,1713,CO,USA,2015-05-08,,"{""coagmet_raw"": {""active"": ""active"", ""anemometerHeight"": 2.0, ""elevation"": 1713, ""firstObs"": ""2015-05-08"", ""irrigation"": ""full"", ""lastObs"": ""2026-05-09"", ""lat"": 39.5667, ""location"": ""Silt Mesa"", ""lon"": -107.6934, ""name"": ""Silt"", ""network"": ""Coag"", ""station"": ""slt01"", ""timestep"": 300, ""units"": ""m""}, ""coagmet_station_id"": ""slt01""}"
stg01,coagmet,Sterling,40.4621,-103.029,1369,CO,USA,2006-03-24,,"{""coagmet_raw"": {""active"": ""active"", ""anemometerHeight"": 2.0, ""elevation"": 1369, ""firstObs"": ""2006-03-24"", ""irrigation"": ""dry"", ""lastObs"": ""2026-05-09"", ""lat"": 40.4621, ""location"": ""Sterling"", ""lon"": -103.029, ""name"": ""Sterling"", ""network"": ""Coag"", ""station"": ""stg01"", ""timestep"": 300, ""units"": ""m""}, ""coagmet_station_id"": ""stg01""}"
stn01,coagmet,Stratton,39.2987,-102.522,1317,CO,USA,2006-04-02,,"{""coagmet_raw"": {""active"": ""active"", ""anemometerHeight"": 3.0, ""elevation"": 1317, ""firstObs"": ""2006-04-02"", ""irrigation"": ""dry"", ""lastObs"": ""2026-05-09"", ""lat"": 39.2987, ""location"": ""Stratton"", ""lon"": -102.522, ""name"": ""Stratton"", ""network"": ""Coag"", ""station"": ""stn01"", ""timestep"": 300, ""units"": ""m""}, ""coagmet_station_id"": ""stn01""}"
stt01,coagmet,Stonington,37.1613,-102.122,1171,CO,USA,2006-04-02,2008-12-01,"{""coagmet_raw"": {""active"": ""inactive"", ""anemometerHeight"": 2.0, ""elevation"": 1171, ""firstObs"": ""2006-04-02"", ""irrigation"": ""dry"", ""lastObs"": ""2008-12-01"", ""lat"": 37.1613, ""location"": ""Stonington"", ""lon"": -102.122, ""name"": ""Stonington"", ""network"": ""Coag"", ""station"": ""stt01"", ""timestep"": 3600, ""units"": ""m""}, ""coagmet_station_id"": ""stt01""}"
twc01,coagmet,Towaoc,37.1892,-108.9353,1621,CO,USA,1997-12-31,,"{""coagmet_raw"": {""active"": ""active"", ""anemometerHeight"": 2.0, ""elevation"": 1621, ""firstObs"": ""1997-12-31"", ""irrigation"": ""part"", ""lastObs"": ""2026-05-09"", ""lat"": 37.1892, ""location"": ""Ute Mtn Ute Farm"", ""lon"": -108.9353, ""name"": ""Towaoc"", ""network"": ""Coag"", ""station"": ""twc01"", ""timestep"": 300, ""units"": ""m""}, ""coagmet_station_id"": ""twc01""}"
uwr70,coagmet,United Water,40.3806,-104.35,1427,CO,USA,2011-03-03,2015-02-12,"{""coagmet_raw"": {""active"": ""inactive"", ""anemometerHeight"": 2.0, ""elevation"": 1427, ""firstObs"": ""2011-03-03"", ""irrigation"": ""dry"", ""lastObs"": ""2015-02-12"", ""lat"": 40.3806, ""location"": ""West of Wiggins"", ""lon"": -104.35, ""name"": ""United Water"", ""network"": ""Coag"", ""station"": ""uwr70"", ""timestep"": 3600, ""units"": ""m""}, ""coagmet_station_id"": ""uwr70""}"
vld01,coagmet,Vineland,38.2235,-104.461,1347,CO,USA,1993-08-04,2010-10-12,"{""coagmet_raw"": {""active"": ""inactive"", ""anemometerHeight"": 2.0, ""elevation"": 1347, ""firstObs"": ""1993-08-04"", ""irrigation"": ""full"", ""lastObs"": ""2010-10-12"", ""lat"": 38.2235, ""location"": ""13 mi SE Pueblo"", ""lon"": -104.461, ""name"": ""Vineland"", ""network"": ""Coag"", ""station"": ""vld01"", ""timestep"": 3600, ""units"": ""m""}, ""coagmet_station_id"": ""vld01""}"
wav01,coagmet,Waverly,40.7102,-105.103,1594,CO,USA,2012-02-17,2012-04-18,"{""coagmet_raw"": {""active"": ""inactive"", ""anemometerHeight"": 2.0, ""elevation"": 1594, ""firstObs"": ""2012-02-17"", ""irrigation"": ""dry"", ""lastObs"": ""2012-04-18"", ""lat"": 40.7102, ""location"": ""NW of Douglas Reservoir"", ""lon"": -105.103, ""name"": ""Waverly"", ""network"": ""Coag"", ""station"": ""wav01"", ""timestep"": 3600, ""units"": ""m""}, ""coagmet_station_id"": ""wav01""}"
wcf01,coagmet,Westcliffe,38.1504,-105.4988,2357,CO,USA,2010-08-01,,"{""coagmet_raw"": {""active"": ""active"", ""anemometerHeight"": 2.0, ""elevation"": 2357, ""firstObs"": ""2010-08-01"", ""irrigation"": ""full"", ""lastObs"": ""2026-05-09"", ""lat"": 38.1504, ""location"": ""2 mi NW Westcliffe"", ""lon"": -105.4988, ""name"": ""Westcliffe"", ""network"": ""Coag"", ""station"": ""wcf01"", ""timestep"": 300, ""units"": ""m""}, ""coagmet_station_id"": ""wcf01""}"
wfd01,coagmet,Wolford Mtn Reservoir,40.1387,-106.415,2292,CO,USA,2005-04-13,,"{""coagmet_raw"": {""active"": ""active"", ""anemometerHeight"": 2.0, ""elevation"": 2292, ""firstObs"": ""2005-04-13"", ""irrigation"": ""dry"", ""lastObs"": ""2026-05-09"", ""lat"": 40.1387, ""location"": ""5 mi NNW Kremmling"", ""lon"": -106.415, ""name"": ""Wolford Mtn Reservoir"", ""network"": ""Coag"", ""station"": ""wfd01"", ""timestep"": 300, ""units"": ""m""}, ""coagmet_station_id"": ""wfd01""}"
wgg01,coagmet,Wiggins 06,40.3333,-104.036,1355,CO,USA,1997-04-01,2004-11-01,"{""coagmet_raw"": {""active"": ""inactive"", ""anemometerHeight"": 2.0, ""elevation"": 1355, ""firstObs"": ""1997-04-01"", ""irrigation"": ""part"", ""lastObs"": ""2004-11-01"", ""lat"": 40.3333, ""location"": ""NNE of Wiggins"", ""lon"": -104.036, ""name"": ""Wiggins 06"", ""network"": ""Coag"", ""station"": ""wgg01"", ""timestep"": 3600, ""units"": ""m""}, ""coagmet_station_id"": ""wgg01""}"
wgg02,coagmet,Wiggins 39,40.2998,-103.952,1348,CO,USA,1997-04-01,2005-08-01,"{""coagmet_raw"": {""active"": ""inactive"", ""anemometerHeight"": 2.0, ""elevation"": 1348, ""firstObs"": ""1997-04-01"", ""irrigation"": ""part"", ""lastObs"": ""2005-08-01"", ""lat"": 40.2998, ""location"": ""ENE of Wiggins"", ""lon"": -103.952, ""name"": ""Wiggins 39"", ""network"": ""Coag"", ""station"": ""wgg02"", ""timestep"": 3600, ""units"": ""m""}, ""coagmet_station_id"": ""wgg02""}"
wls01,coagmet,Walsh,37.383,-102.294,1211,CO,USA,2012-04-11,,"{""coagmet_raw"": {""active"": ""active"", ""anemometerHeight"": 2.0, ""elevation"": 1211, ""firstObs"": ""2012-04-11"", ""irrigation"": ""dry"", ""lastObs"": ""2026-05-09"", ""lat"": 37.383, ""location"": ""Plainsman Research Center in Walsh, CO"", ""lon"": -102.294, ""name"": ""Walsh"", ""network"": ""Coag"", ""station"": ""wls01"", ""timestep"": 300, ""units"": ""m""}, ""coagmet_station_id"": ""wls01""}"
wlt01,coagmet,Wellington,40.6762,-104.997,1568,CO,USA,2005-08-08,2010-06-16,"{""coagmet_raw"": {""active"": ""inactive"", ""anemometerHeight"": 2.0, ""elevation"": 1568, ""firstObs"": ""2005-08-08"", ""irrigation"": ""full"", ""lastObs"": ""2010-06-16"", ""lat"": 40.6762, ""location"": ""I25 & 58.5 Rd"", ""lon"": -104.997, ""name"": ""Wellington"", ""network"": ""Coag"", ""station"": ""wlt01"", ""timestep"": 3600, ""units"": ""m""}, ""coagmet_station_id"": ""wlt01""}"
wry01,coagmet,Wray,40.1924,-102.203,1122,CO,USA,1996-05-09,2015-04-04,"{""coagmet_raw"": {""active"": ""inactive"", ""anemometerHeight"": 2.0, ""elevation"": 1122, ""firstObs"": ""1996-05-09"", ""irrigation"": ""full"", ""lastObs"": ""2015-04-04"", ""lat"": 40.1924, ""location"": ""10 mi N Wray"", ""lon"": -102.203, ""name"": ""Wray"", ""network"": ""Coag"", ""station"": ""wry01"", ""timestep"": 3600, ""units"": ""m""}, ""coagmet_station_id"": ""wry01""}"
wry02,coagmet,Wray 2,40.2187,-102.265,1139,CO,USA,2015-04-01,,"{""coagmet_raw"": {""active"": ""active"", ""anemometerHeight"": 2.0, ""elevation"": 1139, ""firstObs"": ""2015-04-01"", ""irrigation"": ""full"", ""lastObs"": ""2026-05-09"", ""lat"": 40.2187, ""location"": ""Lenz Farm north of Wray, CO"", ""lon"": -102.265, ""name"": ""Wray 2"", ""network"": ""Coag"", ""station"": ""wry02"", ""timestep"": 300, ""units"": ""m""}, ""coagmet_station_id"": ""wry02""}"
yam01,coagmet,Yampa,40.2012,-106.9212,2408,CO,USA,2025-10-09,,"{""coagmet_raw"": {""active"": ""active"", ""anemometerHeight"": 2.0, ""elevation"": 2408, ""firstObs"": ""2025-10-09"", ""irrigation"": ""full"", ""lastObs"": ""2026-05-09"", ""lat"": 40.2012, ""location"": ""3.5 miles north of Yampa"", ""lon"": -106.9212, ""name"": ""Yampa"", ""network"": ""Coag"", ""station"": ""yam01"", ""timestep"": 300, ""units"": ""m""}, ""coagmet_station_id"": ""yam01""}"
yjk01,coagmet,Yellow Jacket,37.5428,-108.7398,2103,CO,USA,1992-01-01,,"{""coagmet_raw"": {""active"": ""active"", ""anemometerHeight"": 2.0, ""elevation"": 2103, ""firstObs"": ""1992-01-01"", ""irrigation"": ""full"", ""lastObs"": ""2026-05-09"", ""lat"": 37.5428, ""location"": ""2.5 mi NW Yellow Jacket"", ""lon"": -108.7398, ""name"": ""Yellow Jacket"", ""network"": ""Coag"", ""station"": ""yjk01"", ""timestep"": 300, ""units"": ""m""}, ""coagmet_station_id"": ""yjk01""}"
yuc01,coagmet,Yucca House,37.2478,-108.687,1821,CO,USA,2002-01-01,,"{""coagmet_raw"": {""active"": ""active"", ""anemometerHeight"": 2.0, ""elevation"": 1821, ""firstObs"": ""2002-01-01"", ""irrigation"": ""dry"", ""lastObs"": ""2026-05-09"", ""lat"": 37.2478, ""location"": ""Mesa Verde Natl Monument"", ""lon"": -108.687, ""name"": ""Yucca House"", ""network"": ""Coag"", ""station"": ""yuc01"", ""timestep"": 3600, ""units"": ""m""}, ""coagmet_station_id"": ""yuc01""}"
yum01,coagmet,Yuma,40.1035,-102.606,1219,CO,USA,1993-05-19,2010-01-02,"{""coagmet_raw"": {""active"": ""inactive"", ""anemometerHeight"": 2.0, ""elevation"": 1219, ""firstObs"": ""1993-05-19"", ""irrigation"": ""unknown"", ""lastObs"": ""2010-01-02"", ""lat"": 40.1035, ""location"": ""6 mi E of Yuma"", ""lon"": -102.606, ""name"": ""Yuma"", ""network"": ""Coag"", ""station"": ""yum01"", ""timestep"": 3600, ""units"": ""m""}, ""coagmet_station_id"": ""yum01""}"
yum02,coagmet,Yuma,40.1504,-102.724,1251,CO,USA,1996-05-08,,"{""coagmet_raw"": {""active"": ""active"", ""anemometerHeight"": 2.0, ""elevation"": 1251, ""firstObs"": ""1996-05-08"", ""irrigation"": ""full"", ""lastObs"": ""2026-05-09"", ""lat"": 40.1504, ""location"": ""2 mi N Yuma"", ""lon"": -102.724, ""name"": ""Yuma"", ""network"": ""Coag"", ""station"": ""yum02"", ""timestep"": 300, ""units"": ""m""}, ""coagmet_station_id"": ""yum02""}"
